<?xml version="1.0" encoding="utf-8"?>
<extension method="upgrade" type="component" version="3">
	<name>com_phocamaps</name>
	<author>Jan Pavelka (www.phoca.cz)</author>
	<creationDate>24/05/2018</creationDate>
	<authorEmail></authorEmail>
	<authorUrl>www.phoca.cz</authorUrl>
	<copyright>Jan Pavelka</copyright>
	<license>GNU/GPL</license>
	<version>3.0.5</version>
	<description>Phoca Maps</description>
	<scriptfile>install/script.php</scriptfile>

	<install>
		<sql>
			<file driver="mysql" charset="utf8">install/sql/mysql/install.utf8.sql</file>
		</sql>
	</install>

	<uninstall>
		<sql>
			<file driver="mysql" charset="utf8">install/sql/mysql/uninstall.utf8.sql</file>
		</sql>
	</uninstall>

	<update>
		<schemas>
			<schemapath type="mysql">update/sql/mysql</schemapath>
		</schemas>
	</update>

	<files folder="site">
		<filename>controller.php</filename>
		<filename>index.html</filename>
		<filename>phocamaps.php</filename>
		<filename>router.php</filename>
		<folder>helpers</folder>
		<folder>models</folder>
		<folder>views</folder>
	</files>

	<media destination="com_phocamaps" folder="media">
		<filename>index.html</filename>
		<folder>css</folder>
		<folder>images</folder>
		<folder>js</folder>
	</media>

	<languages>
		<language tag="en-GB" client="site">language/en-GB/en-GB.com_phocamaps.ini</language>
		<language tag="en-GB" client="site">language/en-GB/en-GB.com_phocamaps.sys.ini</language>
	</languages>

	<administration>
		<menu img="media/com_phocamaps/images/administrator/images/icon-16-pmap-menu.png" link="option=com_phocamaps">COM_PHOCAMAPS</menu>
		<submenu>
			<menu img="media/com_phocamaps/images/administrator/images/icon-16-pmap-menu-cp.png" alt="COM_PHOCAMAPS_CONTROLPANEL" view="phocamapscp" link="option=com_phocamaps">COM_PHOCAMAPS_CONTROLPANEL</menu>
			<menu img="media/com_phocamaps/images/administrator/images/icon-16-pmap-menu-map.png" alt="COM_PHOCAMAPS_MAPS" view="phocamapsmaps" link="option=com_phocamaps&amp;view=phocamapsmaps">COM_PHOCAMAPS_MAPS</menu>
			<menu img="media/com_phocamaps/images/administrator/images/icon-16-pmap-menu-marker.png" alt="COM_PHOCAMAPS_MARKERS" view="phocamapsmarkers" link="option=com_phocamaps&amp;view=phocamapsmarkers">COM_PHOCAMAPS_MARKERS</menu>
			<menu img="media/com_phocamaps/images/administrator/images/icon-16-pmap-menu-icon.png" alt="COM_PHOCAMAPS_ICONS" view="phocamapsicons" link="option=com_phocamaps&amp;view=phocamapsicons">COM_PHOCAMAPS_ICONS</menu>
			<menu img="media/com_phocamaps/images/administrator/images/icon-16-pmap-menu-info.png" alt="COM_PHOCAMAPS_INFO" view="phocamapsinfo" link="option=com_phocamaps&amp;view=phocamapsinfo">COM_PHOCAMAPS_INFO</menu>
		</submenu>

		<files folder="admin">
			<filename>access.xml</filename>
			<filename>config.xml</filename>
			<filename>controller.php</filename>
			<filename>index.html</filename>
			<filename>phocamaps.php</filename>
			<filename>phocamaps.xml</filename>
			<folder>assets</folder>
			<folder>controllers</folder>
			<folder>help</folder>
			<folder>helpers</folder>
			<folder>install</folder>
			<folder>models</folder>
			<folder>tables</folder>
			<folder>update</folder>
			<folder>views</folder>
		</files>

		<languages>
			<language tag="en-GB">language/en-GB/en-GB.com_phocamaps.ini</language>
			<language tag="en-GB">language/en-GB/en-GB.com_phocamaps.sys.ini</language>
		</languages>

	</administration>
	<updateservers>
		<server type="extension" name="com_phocamaps">https://raw.githubusercontent.com/PhocaCz/PhocaMaps/master/manifest.xml</server>
	</updateservers>

</extension>
